{"carsWaitTime": {"car189": 12.464562624999997, "car261": 6.330770514999998, "car9": 0, "car129": 16.487537939999996, "car265": 5.990880315000004, "car241": 7.944676884999999, "car181": 13.070673384999996, "car269": 5.83252817, "car1": 5.461783875, "car185": 12.837060279999996, "car5": 5.058397125000001, "car21": 0, "car249": 7.2566372800000005, "car209": 10.689413514999998, "car25": 24.046137919999996, "car45": 1.0734838549999994, "car29": 23.881856414999994, "car93": 8.848145265000001, "car113": 17.599330119999998, "car85": 19.688506489999998, "car13": 4.4162794750000005, "car69": 21.130536655, "car117": 17.281822899999995, "car81": 0, "car65": 0, "car41": 23.042775745, "car137": 15.937568679999995, "car61": 21.631142809999997, "car89": 19.356118469999995, "car133": 16.125138949999997, "car233": 8.582292679999998, "car237": 8.21051409, "car157": 0.2529432350000025, "car173": 13.541111824999998, "car153": 14.740885904999997, "car177": 13.294292129999997, "car257": 6.663305319999999, "car201": 11.274054069999996, "car253": 6.995920780000001, "car169": 0, "car277": 5.058397125000001, "car193": 12.024777234999997, "car213": 10.422127539999996, "car273": 5.461783875, "car49": 2.329647955, "car217": 0.5, "car197": 11.687216219999998, "car33": 0, "car57": 21.944195869999994, "car37": 23.349681949999997, "car53": 0, "car205": 10.941261499999996, "car17": 0, "car101": 0, "car165": 14.026659434999997, "car281": 4.663269624999997, "car105": 6.075814179999999, "car161": 14.256808304999995, "car97": 18.605281934999997, "car109": 17.869332325, "car77": 20.520894279999997, "car121": 17.026690289999998, "car285": 4.4162794750000005, "car73": 20.823727594999998, "car125": 16.730686109999994, "car225": 9.16644002, "car149": 14.961522229999996, "car221": 9.66644002, "car145": 15.272448164999998, "car245": 7.573300475000001, "car229": 8.829286915, "car141": 15.541124079999994}, "intersectionTotalNumberOfCars": {"intersection299": 0, "intersection281": 0, "intersection282": 2, "intersection283": 1, "intersection284": 0, "intersection285": 6, "intersection286": 2, "intersection304": 0, "intersection300": 0, "intersection303": 0}, "F": [3, 6, 21, 46, 71], "workingIntersections": [{"controlSignals": {"delayMultiplier": [1, 1, 1, 1], "flipMultiplier": 0.5, "phaseOffset": 1.839723284022854}, "id": "intersection282", "rect": {"y": 0, "x": -70, "_width": 14, "_height": 14}, "lambda": 0}, {"controlSignals": {"delayMultiplier": [1, 1, 1, 1], "flipMultiplier": 0.5, "phaseOffset": 78.96541645964508}, "id": "intersection283", "rect": {"y": -28, "x": 28, "_width": 14, "_height": 14}, "lambda": 0}, {"controlSignals": {"delayMultiplier": [1, 1, 1, 1], "flipMultiplier": 0.5, "phaseOffset": 95.96666876778764}, "id": "intersection285", "rect": {"y": 84, "x": -70, "_width": 14, "_height": 14}, "lambda": 0}, {"controlSignals": {"delayMultiplier": [1, 1, 1, 1], "flipMultiplier": 0.5, "phaseOffset": 53.36454503873137}, "id": "intersection286", "rect": {"y": 56, "x": 0, "_width": 14, "_height": 14}, "lambda": 0}, {"controlSignals": {"delayMultiplier": [1, 1, 1, 1], "flipMultiplier": 0.5, "phaseOffset": 85.97653047574352}, "id": "intersection299", "rect": {"y": 168, "x": 224, "_width": 14, "_height": 56}, "lambda": 0}], "carsCurTarget": {"car189": "intersection283", "car261": "intersection283", "car9": "intersection284", "car129": "intersection282", "car265": "intersection283", "car241": "intersection283", "car181": "intersection282", "car269": "intersection282", "car1": "intersection283", "car185": "intersection283", "car5": "intersection283", "car21": "intersection283", "car249": "intersection283", "car209": "intersection282", "car25": "intersection283", "car45": "intersection283", "car29": "intersection282", "car93": "intersection285", "car113": "intersection283", "car85": "intersection283", "car13": "intersection282", "car69": "intersection282", "car117": "intersection282", "car81": "intersection282", "car65": "intersection282", "car41": "intersection283", "car137": "intersection285", "car61": "intersection282", "car89": "intersection285", "car133": "intersection283", "car233": "intersection282", "car237": "intersection285", "car157": "intersection285", "car173": "intersection283", "car153": "intersection282", "car177": "intersection282", "car257": "intersection283", "car201": "intersection282", "car253": "intersection283", "car169": "intersection282", "car277": "intersection282", "car193": "intersection283", "car213": "intersection283", "car273": "intersection282", "car49": "intersection282", "car217": "intersection285", "car197": "intersection282", "car33": "intersection303", "car57": "intersection282", "car37": "intersection282", "car53": "intersection283", "car205": "intersection285", "car17": "intersection283", "car101": "intersection283", "car165": "intersection282", "car281": "intersection283", "car105": "intersection285", "car161": "intersection285", "car97": "intersection283", "car109": "intersection285", "car77": "intersection283", "car121": "intersection283", "car285": "intersection282", "car73": "intersection283", "car125": "intersection283", "car225": "intersection283", "car149": "intersection282", "car221": "intersection282", "car145": "intersection282", "car245": "intersection282", "car229": "intersection285", "car141": "intersection283"}, "roads": {"road302": {"source": "intersection285", "id": "road302", "target": "intersection300"}, "road301": {"source": "intersection300", "id": "road301", "target": "intersection285"}, "road306": {"source": "intersection283", "id": "road306", "target": "intersection304"}, "road307": {"source": "intersection303", "id": "road307", "target": "intersection282"}, "road305": {"source": "intersection304", "id": "road305", "target": "intersection283"}, "road308": {"source": "intersection282", "id": "road308", "target": "intersection303"}, "road290": {"source": "intersection283", "id": "road290", "target": "intersection282"}, "road291": {"source": "intersection283", "id": "road291", "target": "intersection284"}, "road292": {"source": "intersection284", "id": "road292", "target": "intersection283"}, "road293": {"source": "intersection285", "id": "road293", "target": "intersection282"}, "road287": {"source": "intersection281", "id": "road287", "target": "intersection282"}, "road295": {"source": "intersection285", "id": "road295", "target": "intersection286"}, "road296": {"source": "intersection286", "id": "road296", "target": "intersection285"}, "road297": {"source": "intersection286", "id": "road297", "target": "intersection283"}, "road298": {"source": "intersection283", "id": "road298", "target": "intersection286"}, "road294": {"source": "intersection282", "id": "road294", "target": "intersection285"}, "road289": {"source": "intersection282", "id": "road289", "target": "intersection283"}, "road288": {"source": "intersection282", "id": "road288", "target": "intersection281"}}, "carStoped": {"car189": true, "car261": true, "car9": false, "car129": true, "car265": true, "car241": true, "car181": true, "car269": true, "car1": true, "car185": true, "car5": true, "car21": false, "car249": true, "car209": true, "car25": true, "car45": true, "car29": true, "car93": true, "car113": true, "car85": true, "car13": true, "car69": true, "car117": true, "car81": false, "car65": false, "car41": true, "car137": true, "car61": true, "car89": true, "car133": true, "car233": true, "car237": true, "car157": true, "car173": true, "car153": true, "car177": true, "car257": true, "car201": true, "car253": true, "car169": false, "car277": true, "car193": true, "car213": true, "car273": true, "car49": true, "car217": true, "car197": true, "car33": false, "car57": true, "car37": true, "car53": false, "car205": true, "car17": false, "car101": false, "car165": true, "car281": true, "car105": true, "car161": true, "car97": true, "car109": true, "car77": true, "car121": true, "car285": true, "car73": true, "car125": true, "car225": true, "car149": true, "car221": true,